<?xml version="1.0" encoding="UTF-8"?>
<project-private xmlns="http://www.netbeans.org/ns/project-private/1">
    <editor-bookmarks xmlns="http://www.netbeans.org/ns/editor-bookmarks/2" lastBookmarkId="0"/>
    <open-files xmlns="http://www.netbeans.org/ns/projectui-open-files/2">
        <group>
            <file>file:/C:/Users/bilge/OneDrive/Masaüstü/Youtube%20Interface/src/YouTube/YTInterface.java</file>
            <file>file:/C:/Users/bilge/OneDrive/Masaüstü/Youtube%20Interface/src/YouTube/Singer.java</file>
            <file>file:/C:/Users/bilge/OneDrive/Masaüstü/Youtube%20Interface/src/YouTube/Video.java</file>
            <file>file:/C:/Users/bilge/OneDrive/Masaüstü/Youtube%20Interface/src/YouTube/User.java</file>
            <file>file:/C:/Users/bilge/OneDrive/Masaüstü/Youtube%20Interface/src/YouTube/Music.java</file>
            <file>file:/C:/Users/bilge/OneDrive/Masaüstü/Youtube%20Interface/src/YouTube/Album.java</file>
            <file>file:/C:/Users/bilge/OneDrive/Masaüstü/Youtube%20Interface/src/YouTube/Channel.java</file>
        </group>
    </open-files>
</project-private>
